{
  "min_lesson_length": 50,
  "signal_smoothing": true,
  "thresholds": [
    100.0,
    100.0,
    100.0,
    100.0,
    100.0,
    100.0,
    100.0,
    100.0,
    100.0
  ],
  "measure": "reward",
  "parameters": {
    "FoodSpawnRate": [
      35.21801,
      25.0762672,
      17.3874226,
      11.7913971,
      7.92811,
      5.437481,
      3.95943642,
      3.13388824,
      2.60078049,
      2.0
    ],
    "WaterSpawnRate": [
      35.21801,
      25.0762672,
      17.3874226,
      11.7913971,
      7.92811,
      5.437481,
      3.95943642,
      3.13388824,
      2.60078049,
      2.0
    ],
    "Lava": [
      2.0,
      2.0,
      2.0,
      2.0,
      2.0,
      2.0,
      2.0,
      2.0,
      2.0,
      2.0
    ],
    "Stone": [
      10.0,
      10.0,
      10.0,
      10.0,
      10.0,
      10.0,
      10.0,
      10.0,
      10.0,
      10.0
    ]
  }
}