{
  "min_lesson_length": 50,
  "signal_smoothing": true,
  "thresholds": [
    100.0,
    100.0,
    100.0,
    100.0,
    100.0,
    100.0,
    100.0,
    100.0,
    100.0,
    100.0,
    100.0,
    100.0,
    100.0,
    100.0,
    100.0,
    100.0,
    100.0,
    100.0,
    100.0
  ],
  "measure": "reward",
  "parameters": {
    "FoodSpawnRate": [
      35.21801,
      30.0854282,
      25.545742,
      21.5606823,
      18.0919762,
      15.1013527,
      12.5505466,
      10.4012794,
      8.615286,
      7.154299,
      5.98003769,
      5.054241,
      4.33863258,
      3.79495049,
      3.38491058,
      3.07025146,
      2.81269836,
      2.573986,
      2.3158493,
      2.0
    ],
    "WaterSpawnRate": [
      35.21801,
      30.0854282,
      25.545742,
      21.5606823,
      18.0919762,
      15.1013527,
      12.5505466,
      10.4012794,
      8.615286,
      7.154299,
      5.98003769,
      5.054241,
      4.33863258,
      3.79495049,
      3.38491058,
      3.07025146,
      2.81269836,
      2.573986,
      2.3158493,
      2.0
    ]
  }
}