{
  "min_lesson_length": 50,
  "signal_smoothing": true,
  "thresholds": [
    200.0,
    200.0,
    200.0,
    200.0,
    200.0,
    200.0,
    200.0,
    200.0,
    200.0,
    200.0
  ],
  "measure": "reward",
  "parameters": {
    "WaterSpawnRate": [
      45.0,
      42.2021637,
      40.0063934,
      35.70929,
      26.6074448,
      15.6084633,
      10.2486954,
      8.797606,
      9.349828,
      10.0
    ],
    "FoodSpawnRate": [
      45.0,
      40.6329079,
      35.72135,
      30.5499115,
      25.40316,
      20.5656776,
      16.3220444,
      12.9568367,
      10.7546272,
      10.0
    ]
  }
}